[
    {
        "post_id": "666acb753f0f1",
        "sender_id": "666acb6b1c444",
        "message": "Haloo",
        "images": [],
        "videos": [],
        "timestamp": 1718274933,
        "like": [],
        "comment": [],
        "categories": [
            "random"
        ],
        "like_count": 0
    },
    {
        "post_id": "666acbc03dbd6",
        "sender_id": "666acb6b1c444",
        "message": "",
        "images": [
            "post\/666acbc036aec_d5a192a2-9a66-430a-8785-06ca3dd49337.jpeg"
        ],
        "videos": [],
        "timestamp": 1718275008,
        "like": [],
        "comment": [],
        "categories": [
            "foryoupage"
        ]
    },
    {
        "post_id": "666acbcc8d61b",
        "sender_id": "666acb6b1c444",
        "message": "",
        "images": [],
        "videos": [
            "post\/666acbcc87ed4_db0ca92549c9e83738b55392495ad483.mp4"
        ],
        "timestamp": 1718275020,
        "like": [
            "666acb6b1c444",
            "666acf9cf2964"
        ],
        "comment": [],
        "categories": [
            "foryoupage"
        ]
    },
    {
        "post_id": "666b9be4780c8",
        "sender_id": "666b985dd8961",
        "message": "Halo ",
        "images": [],
        "videos": [],
        "timestamp": 1718328292,
        "like": [],
        "comment": [],
        "categories": [
            "random"
        ]
    },
    {
        "post_id": "666ba31e28580",
        "sender_id": "666b985dd8961",
        "message": "",
        "images": [
            "post\/666ba31e20b8b_03c0482c-843d-44e0-99ea-da864104845c.jpeg",
            "post\/666ba31e24bd7_d5a192a2-9a66-430a-8785-06ca3dd49337.jpeg"
        ],
        "videos": [],
        "timestamp": 1718330142,
        "like": [],
        "comment": [],
        "categories": []
    }
]